[
  {
    "baseType": 3,
    "name": "alert_id",
    "defaultValue": "",
    "description": "",
    "helpText": "",
    "isSystem": false,
    "minLength": 0,
    "maxLength": 100,
    "validationRegex": "",
    "isValidate": false
  },
  {
    "baseType": 3,
    "name": "event_description",
    "defaultValue": "",
    "description": "",
    "helpText": "",
    "isSystem": false,
    "minLength": 0,
    "maxLength": 2000,
    "validationRegex": "",
    "isValidate": false
  },
  {
    "baseType": 3,
    "name": "event_source",
    "defaultValue": "",
    "description": "",
    "helpText": "",
    "isSystem": false,
    "minLength": 0,
    "maxLength": 300,
    "validationRegex": "",
    "isValidate": false
  },
  {
    "baseType": 3,
    "name": "event_time_local",
    "defaultValue": "",
    "description": "",
    "helpText": "",
    "isSystem": false,
    "minLength": 0,
    "maxLength": 200,
    "validationRegex": "",
    "isValidate": false
  },
  {
    "baseType": 3,
    "name": "fyi",
    "defaultValue": "",
    "description": "",
    "helpText": "",
    "isSystem": false,
    "minLength": 0,
    "maxLength": 5,
    "validationRegex": "",
    "isValidate": false
  },
  {
    "baseType": 3,
    "name": "mgmt_grp_name",
    "defaultValue": "",
    "description": "",
    "helpText": "",
    "isSystem": false,
    "minLength": 0,
    "maxLength": 200,
    "validationRegex": "",
    "isValidate": false
  },
  {
    "baseType": 3,
    "name": "notification_recipient",
    "defaultValue": "",
    "description": "",
    "helpText": "",
    "isSystem": false,
    "minLength": 0,
    "maxLength": 100,
    "validationRegex": "",
    "isValidate": false
  },
  {
    "baseType": 3,
    "name": "priority",
    "defaultValue": "",
    "description": "",
    "helpText": "",
    "isSystem": false,
    "minLength": 0,
    "maxLength": 5,
    "validationRegex": "",
    "isValidate": false
  },
  {
    "baseType": 21,
    "name": "priority_description",
    "description": "",
    "helpText": "",
    "isSystem": false,
    "values": [
      {
        "value": "Low",
        "isDefault": false,
        "isVisible": true
      },
      {
        "value": "Medium",
        "isDefault": false,
        "isVisible": true
      },
      {
        "value": "High",
        "isDefault": false,
        "isVisible": true
      }
    ]
  },
  {
    "baseType": 3,
    "name": "resolution_state",
    "defaultValue": "",
    "description": "",
    "helpText": "",
    "isSystem": false,
    "minLength": 0,
    "maxLength": 5,
    "validationRegex": "",
    "isValidate": false
  },
  {
    "baseType": 21,
    "name": "resolution_state_description",
    "description": "",
    "helpText": "",
    "isSystem": false,
    "values": [
      {
        "value": "New",
        "isDefault": false,
        "isVisible": true
      },
      {
        "value": "Acknowledged",
        "isDefault": false,
        "isVisible": true
      },
      {
        "value": "Work In Progress",
        "isDefault": false,
        "isVisible": true
      },
      {
        "value": "Sent To xMatters",
        "isDefault": false,
        "isVisible": true
      },
      {
        "value": "Closed",
        "isDefault": false,
        "isVisible": true
      }
    ]
  },
  {
    "baseType": 3,
    "name": "server_name",
    "defaultValue": "",
    "description": "",
    "helpText": "",
    "isSystem": false,
    "minLength": 0,
    "maxLength": 300,
    "validationRegex": "",
    "isValidate": false
  },
  {
    "baseType": 3,
    "name": "severity",
    "defaultValue": "",
    "description": "",
    "helpText": "",
    "isSystem": false,
    "minLength": 0,
    "maxLength": 5,
    "validationRegex": "",
    "isValidate": false
  },
  {
    "baseType": 21,
    "name": "severity_description",
    "description": "",
    "helpText": "",
    "isSystem": false,
    "values": [
      {
        "value": "Information",
        "isDefault": false,
        "isVisible": true
      },
      {
        "value": "Warning",
        "isDefault": false,
        "isVisible": true
      },
      {
        "value": "Critical",
        "isDefault": false,
        "isVisible": true
      }
    ]
  }
]